timestamp;buyer;seller;symbol;currency;price;quantity
3200;;;EMERALDS;XIRECS;9992.0;8
3400;;;TOMATOES;XIRECS;5009.0;2
5000;;;EMERALDS;XIRECS;9992.0;7
7000;;;TOMATOES;XIRECS;5010.0;4
9600;;;TOMATOES;XIRECS;4999.0;5
9900;;;TOMATOES;XIRECS;5000.0;4
16400;;;TOMATOES;XIRECS;4996.0;2
17900;;;TOMATOES;XIRECS;5009.0;2
22200;;;TOMATOES;XIRECS;5005.0;3
23500;;;TOMATOES;XIRECS;4989.0;3
24600;;;TOMATOES;XIRECS;5002.0;5
26100;;;TOMATOES;XIRECS;4988.0;2
31400;;;EMERALDS;XIRECS;10008.0;3
34700;;;TOMATOES;XIRECS;4998.0;4
36400;;;TOMATOES;XIRECS;4986.0;2
36700;;;TOMATOES;XIRECS;4985.0;2
39400;;;TOMATOES;XIRECS;4978.0;2
39900;;;EMERALDS;XIRECS;9992.0;7
42400;;;EMERALDS;XIRECS;9992.0;5
43900;;;TOMATOES;XIRECS;4989.0;5
51300;;;EMERALDS;XIRECS;9992.0;7
52800;;;TOMATOES;XIRECS;4994.0;4
53100;;;TOMATOES;XIRECS;4995.0;2
53600;;;TOMATOES;XIRECS;4996.0;2
54400;;;TOMATOES;XIRECS;4983.0;3
55300;;;EMERALDS;XIRECS;9992.0;6
55700;;;EMERALDS;XIRECS;9992.0;4
59700;;;TOMATOES;XIRECS;4993.0;5
62700;;;EMERALDS;XIRECS;9992.0;8
64100;;;TOMATOES;XIRECS;4984.0;4
66100;;;TOMATOES;XIRECS;4990.0;3
66700;;;EMERALDS;XIRECS;10008.0;7
67300;;;EMERALDS;XIRECS;9992.0;7
70600;;;TOMATOES;XIRECS;4993.0;2
71200;;;TOMATOES;XIRECS;4993.0;2
73500;;;TOMATOES;XIRECS;4982.0;3
73700;;;EMERALDS;XIRECS;9992.0;3
74200;;;TOMATOES;XIRECS;4996.0;3
75200;;;TOMATOES;XIRECS;4982.0;4
78300;;;TOMATOES;XIRECS;4997.0;5
79100;;;TOMATOES;XIRECS;4984.0;5
80300;;;TOMATOES;XIRECS;4985.0;3
80400;;;EMERALDS;XIRECS;9992.0;3
80900;;;TOMATOES;XIRECS;4984.0;2
81000;;;TOMATOES;XIRECS;4984.0;4
81400;;;TOMATOES;XIRECS;4984.0;5
83800;;;EMERALDS;XIRECS;9992.0;7
84500;;;TOMATOES;XIRECS;4979.0;3
85500;;;TOMATOES;XIRECS;4977.0;2
86000;;;TOMATOES;XIRECS;4991.0;5
87600;;;EMERALDS;XIRECS;9992.0;8
93900;;;EMERALDS;XIRECS;10008.0;7
94000;;;TOMATOES;XIRECS;4978.0;3
95100;;;EMERALDS;XIRECS;9992.0;7
96500;;;EMERALDS;XIRECS;10008.0;6
97200;;;TOMATOES;XIRECS;4978.0;4
97500;;;TOMATOES;XIRECS;4978.0;3
98000;;;EMERALDS;XIRECS;9992.0;7
98400;;;EMERALDS;XIRECS;10008.0;7
101200;;;EMERALDS;XIRECS;10008.0;6
101600;;;EMERALDS;XIRECS;10000.0;6
103700;;;EMERALDS;XIRECS;9992.0;5
108000;;;EMERALDS;XIRECS;9992.0;4
110200;;;TOMATOES;XIRECS;4986.0;5
110700;;;EMERALDS;XIRECS;9992.0;6
111900;;;TOMATOES;XIRECS;4986.0;3
112000;;;TOMATOES;XIRECS;4999.0;4
113000;;;TOMATOES;XIRECS;4999.0;4
116300;;;TOMATOES;XIRECS;5001.0;2
120900;;;TOMATOES;XIRECS;4990.0;3
124800;;;TOMATOES;XIRECS;4989.0;2
128400;;;EMERALDS;XIRECS;9992.0;3
128700;;;TOMATOES;XIRECS;4988.0;3
129000;;;TOMATOES;XIRECS;5001.0;2
130500;;;TOMATOES;XIRECS;4985.0;3
130900;;;TOMATOES;XIRECS;4985.0;2
131700;;;EMERALDS;XIRECS;10008.0;8
131900;;;TOMATOES;XIRECS;4999.0;4
132100;;;EMERALDS;XIRECS;9992.0;6
132100;;;TOMATOES;XIRECS;4986.0;4
133400;;;TOMATOES;XIRECS;5001.0;4
133700;;;EMERALDS;XIRECS;10008.0;8
133900;;;EMERALDS;XIRECS;9992.0;3
135500;;;EMERALDS;XIRECS;9992.0;5
135600;;;EMERALDS;XIRECS;9992.0;7
136200;;;TOMATOES;XIRECS;4987.0;4
137600;;;TOMATOES;XIRECS;5001.0;5
141300;;;EMERALDS;XIRECS;9992.0;6
141700;;;TOMATOES;XIRECS;4997.0;5
144200;;;TOMATOES;XIRECS;4986.0;2
146100;;;EMERALDS;XIRECS;10008.0;4
151500;;;TOMATOES;XIRECS;4984.0;2
152000;;;EMERALDS;XIRECS;9992.0;4
153400;;;TOMATOES;XIRECS;4996.0;4
154700;;;EMERALDS;XIRECS;9992.0;6
156700;;;TOMATOES;XIRECS;4997.0;3
157600;;;TOMATOES;XIRECS;4996.0;3
158300;;;EMERALDS;XIRECS;10008.0;3
158900;;;TOMATOES;XIRECS;4976.0;2
159200;;;TOMATOES;XIRECS;4978.0;3
161000;;;TOMATOES;XIRECS;4977.0;3
161800;;;TOMATOES;XIRECS;4976.0;2
162400;;;TOMATOES;XIRECS;4976.0;3
162900;;;TOMATOES;XIRECS;4975.0;5
167300;;;TOMATOES;XIRECS;4982.0;2
168200;;;TOMATOES;XIRECS;4995.0;4
170100;;;EMERALDS;XIRECS;10000.0;6
170800;;;TOMATOES;XIRECS;4982.0;3
176000;;;TOMATOES;XIRECS;4998.0;4
176300;;;TOMATOES;XIRECS;4984.0;3
176900;;;TOMATOES;XIRECS;4985.0;2
180300;;;TOMATOES;XIRECS;4981.0;3
181100;;;TOMATOES;XIRECS;4982.0;4
182600;;;TOMATOES;XIRECS;4981.0;5
182700;;;EMERALDS;XIRECS;10008.0;5
185200;;;TOMATOES;XIRECS;4997.0;3
187100;;;TOMATOES;XIRECS;5000.0;2
187600;;;TOMATOES;XIRECS;4988.0;3
188300;;;TOMATOES;XIRECS;5002.0;5
189000;;;TOMATOES;XIRECS;4987.0;3
191700;;;TOMATOES;XIRECS;5000.0;3
192700;;;TOMATOES;XIRECS;4984.0;3
195700;;;TOMATOES;XIRECS;4991.0;3
202200;;;TOMATOES;XIRECS;5005.0;3
203600;;;TOMATOES;XIRECS;5002.0;4
206300;;;TOMATOES;XIRECS;5002.0;2
206400;;;TOMATOES;XIRECS;4989.0;3
207200;;;TOMATOES;XIRECS;4988.0;4
207500;;;EMERALDS;XIRECS;10008.0;7
210000;;;EMERALDS;XIRECS;9992.0;6
212200;;;EMERALDS;XIRECS;9992.0;5
212200;;;TOMATOES;XIRECS;4995.0;4
213300;;;TOMATOES;XIRECS;4993.0;2
215500;;;TOMATOES;XIRECS;5003.0;3
216000;;;TOMATOES;XIRECS;5001.0;4
218400;;;EMERALDS;XIRECS;10008.0;3
218700;;;TOMATOES;XIRECS;4999.0;4
218800;;;TOMATOES;XIRECS;4984.0;5
218900;;;TOMATOES;XIRECS;4986.0;2
219300;;;EMERALDS;XIRECS;10008.0;3
225900;;;EMERALDS;XIRECS;10008.0;8
226300;;;TOMATOES;XIRECS;4997.0;5
227300;;;TOMATOES;XIRECS;4998.0;5
229400;;;TOMATOES;XIRECS;4980.0;3
231600;;;TOMATOES;XIRECS;4982.0;3
233200;;;TOMATOES;XIRECS;4990.0;3
234400;;;EMERALDS;XIRECS;10008.0;8
236300;;;EMERALDS;XIRECS;10008.0;3
239100;;;TOMATOES;XIRECS;4990.0;5
242000;;;EMERALDS;XIRECS;10008.0;5
243600;;;EMERALDS;XIRECS;9992.0;4
248700;;;TOMATOES;XIRECS;4981.0;4
249000;;;TOMATOES;XIRECS;4994.0;4
249800;;;TOMATOES;XIRECS;4991.0;2
250200;;;TOMATOES;XIRECS;4991.0;2
251800;;;TOMATOES;XIRECS;4991.0;2
252300;;;TOMATOES;XIRECS;4977.0;4
259000;;;TOMATOES;XIRECS;4982.0;3
261900;;;TOMATOES;XIRECS;4984.0;3
262900;;;EMERALDS;XIRECS;10008.0;8
267600;;;TOMATOES;XIRECS;4978.0;3
269100;;;TOMATOES;XIRECS;4993.0;2
269700;;;TOMATOES;XIRECS;4987.0;4
274300;;;TOMATOES;XIRECS;4983.0;2
276300;;;TOMATOES;XIRECS;4981.0;5
278600;;;TOMATOES;XIRECS;4982.0;4
280400;;;TOMATOES;XIRECS;4989.0;5
281700;;;TOMATOES;XIRECS;4977.0;4
282200;;;TOMATOES;XIRECS;4989.0;4
282500;;;TOMATOES;XIRECS;4990.0;5
282600;;;TOMATOES;XIRECS;4989.0;3
285700;;;EMERALDS;XIRECS;9992.0;6
286800;;;TOMATOES;XIRECS;4989.0;2
288700;;;TOMATOES;XIRECS;4993.0;2
290400;;;TOMATOES;XIRECS;4990.0;3
291700;;;TOMATOES;XIRECS;4978.0;5
294500;;;EMERALDS;XIRECS;10008.0;4
296100;;;TOMATOES;XIRECS;4979.0;5
296700;;;TOMATOES;XIRECS;4994.0;5
297400;;;EMERALDS;XIRECS;9992.0;7
298900;;;EMERALDS;XIRECS;9992.0;7
300000;;;EMERALDS;XIRECS;10008.0;5
300100;;;TOMATOES;XIRECS;4994.0;2
301000;;;TOMATOES;XIRECS;4992.0;4
305700;;;TOMATOES;XIRECS;4990.0;4
307900;;;TOMATOES;XIRECS;4974.0;2
308200;;;TOMATOES;XIRECS;4973.0;3
309300;;;EMERALDS;XIRECS;10008.0;4
312600;;;TOMATOES;XIRECS;4976.0;3
314200;;;TOMATOES;XIRECS;4988.0;3
314400;;;EMERALDS;XIRECS;9992.0;8
315900;;;EMERALDS;XIRECS;9992.0;8
316000;;;TOMATOES;XIRECS;4973.0;3
316400;;;TOMATOES;XIRECS;4974.0;3
318400;;;TOMATOES;XIRECS;4991.0;4
323700;;;TOMATOES;XIRECS;4991.0;5
325600;;;TOMATOES;XIRECS;4978.0;2
326400;;;TOMATOES;XIRECS;4993.0;3
326800;;;TOMATOES;XIRECS;4979.0;3
326900;;;TOMATOES;XIRECS;4993.0;2
327400;;;EMERALDS;XIRECS;9992.0;4
328200;;;TOMATOES;XIRECS;4994.0;2
328900;;;TOMATOES;XIRECS;4980.0;5
329400;;;TOMATOES;XIRECS;4980.0;5
330300;;;TOMATOES;XIRECS;4981.0;4
331300;;;TOMATOES;XIRECS;4993.0;5
331400;;;TOMATOES;XIRECS;4992.0;3
331600;;;TOMATOES;XIRECS;4991.0;4
333000;;;TOMATOES;XIRECS;4979.0;2
335500;;;EMERALDS;XIRECS;10000.0;3
336100;;;EMERALDS;XIRECS;10008.0;8
339400;;;TOMATOES;XIRECS;4994.0;3
343200;;;TOMATOES;XIRECS;4985.0;4
351500;;;TOMATOES;XIRECS;5000.0;5
353400;;;TOMATOES;XIRECS;5002.0;2
353600;;;TOMATOES;XIRECS;4996.0;2
356500;;;EMERALDS;XIRECS;10008.0;8
360100;;;EMERALDS;XIRECS;9992.0;5
360700;;;TOMATOES;XIRECS;5007.0;4
364000;;;TOMATOES;XIRECS;4990.0;3
366100;;;TOMATOES;XIRECS;4999.0;2
366200;;;TOMATOES;XIRECS;5007.0;4
368200;;;TOMATOES;XIRECS;5005.0;4
368300;;;TOMATOES;XIRECS;5004.0;4
368900;;;TOMATOES;XIRECS;4988.0;4
369300;;;EMERALDS;XIRECS;9992.0;4
370700;;;TOMATOES;XIRECS;4989.0;2
374500;;;TOMATOES;XIRECS;5000.0;2
375500;;;TOMATOES;XIRECS;5000.0;4
380300;;;TOMATOES;XIRECS;5000.0;3
383000;;;TOMATOES;XIRECS;4999.0;4
383600;;;EMERALDS;XIRECS;10008.0;5
384400;;;TOMATOES;XIRECS;4989.0;5
385100;;;EMERALDS;XIRECS;10008.0;5
385300;;;TOMATOES;XIRECS;4991.0;4
388600;;;TOMATOES;XIRECS;4990.0;2
388900;;;TOMATOES;XIRECS;4996.0;5
390000;;;TOMATOES;XIRECS;5005.0;5
390100;;;TOMATOES;XIRECS;5006.0;5
390600;;;TOMATOES;XIRECS;5005.0;4
392300;;;EMERALDS;XIRECS;9992.0;5
392600;;;TOMATOES;XIRECS;5004.0;2
396700;;;EMERALDS;XIRECS;9992.0;4
398500;;;EMERALDS;XIRECS;10000.0;4
398600;;;TOMATOES;XIRECS;4986.0;2
400200;;;TOMATOES;XIRECS;4991.0;6
401400;;;TOMATOES;XIRECS;5000.0;3
402200;;;TOMATOES;XIRECS;4988.0;5
403300;;;EMERALDS;XIRECS;9992.0;6
404900;;;TOMATOES;XIRECS;4998.0;5
405200;;;TOMATOES;XIRECS;4983.0;5
407000;;;TOMATOES;XIRECS;4983.0;3
408400;;;TOMATOES;XIRECS;4983.0;4
408700;;;TOMATOES;XIRECS;4983.0;3
410300;;;TOMATOES;XIRECS;4981.0;3
412400;;;EMERALDS;XIRECS;9992.0;5
413800;;;TOMATOES;XIRECS;4982.0;5
414500;;;TOMATOES;XIRECS;4981.0;4
414600;;;TOMATOES;XIRECS;4980.0;2
415000;;;TOMATOES;XIRECS;4994.0;3
415300;;;TOMATOES;XIRECS;4982.0;5
415900;;;EMERALDS;XIRECS;10000.0;6
416000;;;EMERALDS;XIRECS;9992.0;7
416200;;;TOMATOES;XIRECS;4980.0;4
416500;;;EMERALDS;XIRECS;10008.0;5
417600;;;TOMATOES;XIRECS;4993.0;2
417700;;;TOMATOES;XIRECS;4993.0;2
418000;;;EMERALDS;XIRECS;9992.0;4
420000;;;TOMATOES;XIRECS;4996.0;4
421600;;;TOMATOES;XIRECS;4997.0;5
422000;;;TOMATOES;XIRECS;4998.0;5
422800;;;TOMATOES;XIRECS;4981.0;2
424700;;;EMERALDS;XIRECS;10008.0;6
426700;;;EMERALDS;XIRECS;9992.0;5
427100;;;TOMATOES;XIRECS;4985.0;3
431400;;;TOMATOES;XIRECS;4987.0;5
434400;;;EMERALDS;XIRECS;9992.0;8
438400;;;TOMATOES;XIRECS;5001.0;5
439100;;;EMERALDS;XIRECS;10008.0;5
439400;;;EMERALDS;XIRECS;9992.0;7
440400;;;TOMATOES;XIRECS;5000.0;4
442600;;;EMERALDS;XIRECS;9992.0;6
443900;;;TOMATOES;XIRECS;5003.0;4
446900;;;TOMATOES;XIRECS;4993.0;3
447400;;;EMERALDS;XIRECS;10000.0;4
447600;;;TOMATOES;XIRECS;5005.0;4
450300;;;EMERALDS;XIRECS;10008.0;6
450700;;;TOMATOES;XIRECS;5007.0;4
453700;;;EMERALDS;XIRECS;10008.0;5
453800;;;EMERALDS;XIRECS;9992.0;5
453900;;;TOMATOES;XIRECS;4997.0;3
454000;;;TOMATOES;XIRECS;4997.0;4
455400;;;EMERALDS;XIRECS;10008.0;6
456500;;;TOMATOES;XIRECS;4994.0;2
457400;;;TOMATOES;XIRECS;4996.0;5
457700;;;TOMATOES;XIRECS;5009.0;4
458200;;;EMERALDS;XIRECS;9992.0;6
459800;;;EMERALDS;XIRECS;10008.0;4
460700;;;EMERALDS;XIRECS;9992.0;7
463900;;;EMERALDS;XIRECS;10008.0;8
465000;;;TOMATOES;XIRECS;5002.0;5
467200;;;EMERALDS;XIRECS;9992.0;6
471900;;;EMERALDS;XIRECS;9992.0;7
472800;;;EMERALDS;XIRECS;10008.0;7
479200;;;EMERALDS;XIRECS;10008.0;3
479600;;;EMERALDS;XIRECS;10008.0;7
481500;;;TOMATOES;XIRECS;4992.0;2
483900;;;EMERALDS;XIRECS;10008.0;6
484200;;;EMERALDS;XIRECS;10008.0;5
487200;;;TOMATOES;XIRECS;4976.0;5
490300;;;TOMATOES;XIRECS;4972.0;4
493100;;;TOMATOES;XIRECS;4973.0;3
493900;;;EMERALDS;XIRECS;9992.0;6
495500;;;TOMATOES;XIRECS;4974.0;5
495700;;;TOMATOES;XIRECS;4978.0;4
498300;;;TOMATOES;XIRECS;4972.0;4
498400;;;TOMATOES;XIRECS;4986.0;5
500100;;;TOMATOES;XIRECS;4971.0;3
501700;;;TOMATOES;XIRECS;4970.0;4
501900;;;TOMATOES;XIRECS;4970.0;2
506500;;;EMERALDS;XIRECS;10008.0;6
508700;;;TOMATOES;XIRECS;4969.0;5
509300;;;TOMATOES;XIRECS;4982.0;2
509600;;;EMERALDS;XIRECS;9992.0;3
512300;;;EMERALDS;XIRECS;9992.0;7
513500;;;EMERALDS;XIRECS;9992.0;7
516200;;;TOMATOES;XIRECS;4965.0;4
516500;;;EMERALDS;XIRECS;10008.0;6
520100;;;TOMATOES;XIRECS;4981.0;3
520300;;;TOMATOES;XIRECS;4967.0;2
524900;;;EMERALDS;XIRECS;9992.0;5
525500;;;TOMATOES;XIRECS;4974.0;4
526400;;;TOMATOES;XIRECS;4987.0;2
532400;;;TOMATOES;XIRECS;4986.0;5
533600;;;EMERALDS;XIRECS;9992.0;7
534800;;;TOMATOES;XIRECS;4976.0;5
536100;;;TOMATOES;XIRECS;4975.0;4
536900;;;TOMATOES;XIRECS;4988.0;2
537800;;;TOMATOES;XIRECS;4975.0;5
538500;;;TOMATOES;XIRECS;4989.0;4
544100;;;TOMATOES;XIRECS;4970.0;3
546900;;;TOMATOES;XIRECS;4965.0;2
547600;;;TOMATOES;XIRECS;4978.0;3
548300;;;TOMATOES;XIRECS;4964.0;3
551300;;;TOMATOES;XIRECS;4962.0;5
552000;;;TOMATOES;XIRECS;4963.0;2
554200;;;TOMATOES;XIRECS;4979.0;5
555400;;;EMERALDS;XIRECS;10008.0;4
555500;;;EMERALDS;XIRECS;10008.0;4
558100;;;TOMATOES;XIRECS;4965.0;4
559100;;;TOMATOES;XIRECS;4979.0;2
559200;;;EMERALDS;XIRECS;10008.0;7
561800;;;TOMATOES;XIRECS;4967.0;3
562700;;;TOMATOES;XIRECS;4969.0;4
567700;;;EMERALDS;XIRECS;9992.0;5
568900;;;EMERALDS;XIRECS;9992.0;5
572200;;;EMERALDS;XIRECS;10008.0;4
575500;;;TOMATOES;XIRECS;4966.0;5
575900;;;EMERALDS;XIRECS;10008.0;4
575900;;;TOMATOES;XIRECS;4967.0;5
576200;;;TOMATOES;XIRECS;4966.0;3
576500;;;TOMATOES;XIRECS;4967.0;2
577000;;;EMERALDS;XIRECS;9992.0;3
578200;;;EMERALDS;XIRECS;10008.0;3
579400;;;TOMATOES;XIRECS;4981.0;2
579500;;;EMERALDS;XIRECS;9992.0;5
583400;;;TOMATOES;XIRECS;4980.0;3
585600;;;EMERALDS;XIRECS;10008.0;4
586600;;;TOMATOES;XIRECS;4963.0;5
587300;;;TOMATOES;XIRECS;4961.0;2
591700;;;TOMATOES;XIRECS;4980.0;5
593900;;;TOMATOES;XIRECS;4964.0;3
595100;;;TOMATOES;XIRECS;4977.0;5
595600;;;TOMATOES;XIRECS;4977.0;3
597400;;;EMERALDS;XIRECS;10008.0;8
598500;;;EMERALDS;XIRECS;9992.0;3
600000;;;TOMATOES;XIRECS;4964.0;5
601100;;;TOMATOES;XIRECS;4977.0;3
601500;;;EMERALDS;XIRECS;10008.0;5
602900;;;TOMATOES;XIRECS;4967.0;5
604600;;;TOMATOES;XIRECS;4980.0;4
604800;;;TOMATOES;XIRECS;4966.0;4
608100;;;TOMATOES;XIRECS;4979.0;4
609700;;;EMERALDS;XIRECS;9992.0;6
610700;;;EMERALDS;XIRECS;10008.0;7
611600;;;TOMATOES;XIRECS;4978.0;4
613800;;;TOMATOES;XIRECS;4969.0;2
615400;;;TOMATOES;XIRECS;4966.0;5
617500;;;TOMATOES;XIRECS;4966.0;4
618400;;;TOMATOES;XIRECS;4967.0;3
618900;;;TOMATOES;XIRECS;4979.0;2
619800;;;TOMATOES;XIRECS;4968.0;4
620900;;;TOMATOES;XIRECS;4968.0;2
625500;;;TOMATOES;XIRECS;4980.0;2
626600;;;TOMATOES;XIRECS;4965.0;2
627300;;;TOMATOES;XIRECS;4979.0;2
629300;;;TOMATOES;XIRECS;4979.0;4
629400;;;TOMATOES;XIRECS;4979.0;3
629500;;;EMERALDS;XIRECS;10008.0;8
630500;;;TOMATOES;XIRECS;4967.0;3
631100;;;EMERALDS;XIRECS;9992.0;6
631600;;;EMERALDS;XIRECS;9992.0;4
632500;;;EMERALDS;XIRECS;10008.0;3
632700;;;TOMATOES;XIRECS;4977.0;3
635200;;;TOMATOES;XIRECS;4958.0;5
635600;;;EMERALDS;XIRECS;9992.0;4
636500;;;TOMATOES;XIRECS;4958.0;3
642300;;;EMERALDS;XIRECS;9992.0;3
643400;;;EMERALDS;XIRECS;10000.0;6
643700;;;TOMATOES;XIRECS;4969.0;2
644600;;;TOMATOES;XIRECS;4970.0;4
646200;;;EMERALDS;XIRECS;10008.0;8
648600;;;TOMATOES;XIRECS;4973.0;2
650800;;;EMERALDS;XIRECS;9992.0;6
653400;;;TOMATOES;XIRECS;4980.0;3
655000;;;TOMATOES;XIRECS;4975.0;4
655500;;;TOMATOES;XIRECS;4973.0;5
657600;;;TOMATOES;XIRECS;4961.0;5
659700;;;TOMATOES;XIRECS;4960.0;2
662200;;;EMERALDS;XIRECS;9992.0;8
662700;;;EMERALDS;XIRECS;10008.0;6
664100;;;EMERALDS;XIRECS;10008.0;6
664800;;;TOMATOES;XIRECS;4964.0;3
665500;;;TOMATOES;XIRECS;4974.0;3
667000;;;EMERALDS;XIRECS;9992.0;4
667200;;;TOMATOES;XIRECS;4974.0;4
669400;;;TOMATOES;XIRECS;4975.0;2
672000;;;EMERALDS;XIRECS;10008.0;7
673600;;;TOMATOES;XIRECS;4959.0;4
674600;;;EMERALDS;XIRECS;9992.0;5
674700;;;TOMATOES;XIRECS;4959.0;3
680100;;;EMERALDS;XIRECS;9992.0;8
681100;;;EMERALDS;XIRECS;9992.0;8
681400;;;EMERALDS;XIRECS;9992.0;5
682700;;;TOMATOES;XIRECS;4971.0;2
686600;;;TOMATOES;XIRECS;4960.0;4
687200;;;TOMATOES;XIRECS;4958.0;2
690700;;;TOMATOES;XIRECS;4967.0;2
690800;;;EMERALDS;XIRECS;9992.0;3
697100;;;TOMATOES;XIRECS;4955.0;5
699400;;;EMERALDS;XIRECS;10008.0;6
705800;;;EMERALDS;XIRECS;10008.0;3
706000;;;TOMATOES;XIRECS;4950.0;4
708700;;;TOMATOES;XIRECS;4948.0;5
709800;;;TOMATOES;XIRECS;4948.0;3
710900;;;EMERALDS;XIRECS;9992.0;6
712800;;;TOMATOES;XIRECS;4948.0;4
713600;;;EMERALDS;XIRECS;10008.0;3
714900;;;TOMATOES;XIRECS;4960.0;5
715500;;;TOMATOES;XIRECS;4960.0;2
718300;;;TOMATOES;XIRECS;4947.0;2
718500;;;TOMATOES;XIRECS;4946.0;3
719500;;;TOMATOES;XIRECS;4959.0;3
720800;;;TOMATOES;XIRECS;4945.0;2
721100;;;TOMATOES;XIRECS;4946.0;3
722000;;;TOMATOES;XIRECS;4958.0;2
722200;;;EMERALDS;XIRECS;10008.0;4
722400;;;TOMATOES;XIRECS;4959.0;4
724900;;;TOMATOES;XIRECS;4958.0;5
726500;;;TOMATOES;XIRECS;4947.0;3
727400;;;EMERALDS;XIRECS;10008.0;5
732600;;;EMERALDS;XIRECS;10008.0;7
733000;;;TOMATOES;XIRECS;4943.0;3
733900;;;TOMATOES;XIRECS;4945.0;5
734000;;;TOMATOES;XIRECS;4944.0;2
735100;;;TOMATOES;XIRECS;4945.0;4
735900;;;TOMATOES;XIRECS;4961.0;4
736200;;;TOMATOES;XIRECS;4947.0;2
738100;;;EMERALDS;XIRECS;10000.0;5
738700;;;EMERALDS;XIRECS;10008.0;5
741500;;;TOMATOES;XIRECS;4968.0;4
744500;;;EMERALDS;XIRECS;9992.0;4
747700;;;TOMATOES;XIRECS;4955.0;3
748500;;;TOMATOES;XIRECS;4967.0;5
748600;;;EMERALDS;XIRECS;10008.0;6
750100;;;TOMATOES;XIRECS;4966.0;3
750500;;;TOMATOES;XIRECS;4953.0;3
751800;;;EMERALDS;XIRECS;10008.0;3
751800;;;TOMATOES;XIRECS;4970.0;4
752200;;;TOMATOES;XIRECS;4970.0;3
753700;;;EMERALDS;XIRECS;10008.0;3
756500;;;EMERALDS;XIRECS;10008.0;5
757300;;;EMERALDS;XIRECS;10008.0;6
757900;;;TOMATOES;XIRECS;4976.0;2
758600;;;TOMATOES;XIRECS;4962.0;2
759900;;;EMERALDS;XIRECS;9992.0;4
760100;;;EMERALDS;XIRECS;10008.0;8
762200;;;TOMATOES;XIRECS;4964.0;5
762400;;;EMERALDS;XIRECS;10008.0;7
762500;;;TOMATOES;XIRECS;4976.0;4
764200;;;EMERALDS;XIRECS;10008.0;8
767200;;;TOMATOES;XIRECS;4969.0;3
768100;;;TOMATOES;XIRECS;4956.0;3
768500;;;TOMATOES;XIRECS;4968.0;2
768800;;;TOMATOES;XIRECS;4953.0;4
774400;;;TOMATOES;XIRECS;4968.0;3
778700;;;TOMATOES;XIRECS;4966.0;2
779100;;;TOMATOES;XIRECS;4964.0;4
780500;;;TOMATOES;XIRECS;4966.0;3
781400;;;EMERALDS;XIRECS;9992.0;6
782800;;;TOMATOES;XIRECS;4953.0;3
785400;;;TOMATOES;XIRECS;4963.0;2
785800;;;EMERALDS;XIRECS;9992.0;6
789300;;;TOMATOES;XIRECS;4967.0;5
791600;;;TOMATOES;XIRECS;4949.0;3
792000;;;TOMATOES;XIRECS;4949.0;3
792200;;;EMERALDS;XIRECS;9992.0;4
792400;;;TOMATOES;XIRECS;4950.0;5
792800;;;TOMATOES;XIRECS;4964.0;3
795800;;;TOMATOES;XIRECS;4951.0;4
798200;;;TOMATOES;XIRECS;4954.0;5
800600;;;EMERALDS;XIRECS;10008.0;5
803500;;;TOMATOES;XIRECS;4967.0;4
804100;;;TOMATOES;XIRECS;4962.0;5
805400;;;TOMATOES;XIRECS;4954.0;5
807500;;;TOMATOES;XIRECS;4957.0;4
809700;;;TOMATOES;XIRECS;4958.0;4
809800;;;TOMATOES;XIRECS;4972.0;3
810900;;;EMERALDS;XIRECS;9992.0;8
815200;;;EMERALDS;XIRECS;9992.0;3
816000;;;TOMATOES;XIRECS;4974.0;2
816300;;;TOMATOES;XIRECS;4975.0;2
816400;;;TOMATOES;XIRECS;4976.0;3
816600;;;TOMATOES;XIRECS;4975.0;2
817300;;;EMERALDS;XIRECS;9992.0;6
817900;;;TOMATOES;XIRECS;4959.0;3
818400;;;TOMATOES;XIRECS;4957.0;2
822000;;;EMERALDS;XIRECS;9992.0;3
826000;;;TOMATOES;XIRECS;4967.0;2
827400;;;TOMATOES;XIRECS;4968.0;2
828100;;;EMERALDS;XIRECS;10008.0;7
829700;;;TOMATOES;XIRECS;4969.0;2
830800;;;TOMATOES;XIRECS;4952.0;2
830900;;;TOMATOES;XIRECS;4952.0;4
831900;;;TOMATOES;XIRECS;4952.0;5
832300;;;EMERALDS;XIRECS;10008.0;3
832400;;;TOMATOES;XIRECS;4952.0;3
834800;;;EMERALDS;XIRECS;9992.0;7
840800;;;TOMATOES;XIRECS;4967.0;2
842700;;;EMERALDS;XIRECS;10008.0;6
846500;;;TOMATOES;XIRECS;4954.0;2
847600;;;TOMATOES;XIRECS;4957.0;5
848100;;;EMERALDS;XIRECS;10008.0;8
848400;;;TOMATOES;XIRECS;4967.0;3
850100;;;EMERALDS;XIRECS;9992.0;5
854500;;;TOMATOES;XIRECS;4964.0;3
858300;;;TOMATOES;XIRECS;4951.0;5
858700;;;TOMATOES;XIRECS;4948.0;4
861100;;;TOMATOES;XIRECS;4961.0;2
862500;;;TOMATOES;XIRECS;4963.0;5
862700;;;EMERALDS;XIRECS;10008.0;6
863700;;;EMERALDS;XIRECS;9992.0;6
864500;;;EMERALDS;XIRECS;9992.0;7
864600;;;EMERALDS;XIRECS;10008.0;5
865700;;;TOMATOES;XIRECS;4967.0;5
866200;;;TOMATOES;XIRECS;4953.0;2
868100;;;TOMATOES;XIRECS;4964.0;4
869800;;;TOMATOES;XIRECS;4949.0;3
870700;;;EMERALDS;XIRECS;10008.0;5
874400;;;TOMATOES;XIRECS;4951.0;3
875500;;;TOMATOES;XIRECS;4955.0;5
875800;;;EMERALDS;XIRECS;10008.0;6
877100;;;TOMATOES;XIRECS;4957.0;4
881200;;;EMERALDS;XIRECS;9992.0;8
881400;;;EMERALDS;XIRECS;9992.0;7
883400;;;EMERALDS;XIRECS;10008.0;5
885900;;;EMERALDS;XIRECS;9992.0;4
885900;;;TOMATOES;XIRECS;4977.0;4
886500;;;TOMATOES;XIRECS;4980.0;3
886900;;;TOMATOES;XIRECS;4968.0;4
890500;;;TOMATOES;XIRECS;4971.0;4
893100;;;TOMATOES;XIRECS;4963.0;2
894400;;;EMERALDS;XIRECS;10008.0;4
899100;;;TOMATOES;XIRECS;4959.0;3
900100;;;TOMATOES;XIRECS;4972.0;4
900200;;;EMERALDS;XIRECS;10008.0;8
900300;;;TOMATOES;XIRECS;4958.0;2
900900;;;TOMATOES;XIRECS;4955.0;3
904500;;;EMERALDS;XIRECS;9992.0;3
905000;;;EMERALDS;XIRECS;10008.0;7
905600;;;EMERALDS;XIRECS;10008.0;5
908200;;;TOMATOES;XIRECS;4962.0;4
909100;;;EMERALDS;XIRECS;9992.0;6
909200;;;TOMATOES;XIRECS;4977.0;2
909400;;;EMERALDS;XIRECS;9992.0;4
911100;;;TOMATOES;XIRECS;4977.0;3
911500;;;TOMATOES;XIRECS;4964.0;2
912500;;;TOMATOES;XIRECS;4976.0;4
913800;;;TOMATOES;XIRECS;4962.0;5
914300;;;TOMATOES;XIRECS;4974.0;2
915100;;;EMERALDS;XIRECS;9992.0;3
920000;;;TOMATOES;XIRECS;4957.0;4
924600;;;EMERALDS;XIRECS;10008.0;4
925200;;;TOMATOES;XIRECS;4968.0;3
925500;;;TOMATOES;XIRECS;4967.0;2
925800;;;TOMATOES;XIRECS;4954.0;2
926600;;;TOMATOES;XIRECS;4968.0;3
928700;;;EMERALDS;XIRECS;10008.0;5
929200;;;TOMATOES;XIRECS;4970.0;4
931900;;;EMERALDS;XIRECS;10008.0;3
933700;;;TOMATOES;XIRECS;4967.0;5
935000;;;TOMATOES;XIRECS;4968.0;2
938200;;;TOMATOES;XIRECS;4972.0;5
940100;;;EMERALDS;XIRECS;10008.0;4
940200;;;TOMATOES;XIRECS;4972.0;5
940300;;;TOMATOES;XIRECS;4959.0;2
940900;;;EMERALDS;XIRECS;9992.0;6
941400;;;EMERALDS;XIRECS;10008.0;7
948000;;;TOMATOES;XIRECS;4953.0;3
950400;;;TOMATOES;XIRECS;4966.0;3
951800;;;TOMATOES;XIRECS;4953.0;2
952000;;;EMERALDS;XIRECS;9992.0;6
954400;;;EMERALDS;XIRECS;10008.0;8
955600;;;EMERALDS;XIRECS;9992.0;3
957600;;;TOMATOES;XIRECS;4948.0;5
967400;;;TOMATOES;XIRECS;4964.0;5
968200;;;EMERALDS;XIRECS;10008.0;6
969600;;;EMERALDS;XIRECS;10008.0;6
969700;;;TOMATOES;XIRECS;4964.0;3
972900;;;EMERALDS;XIRECS;9992.0;5
973400;;;EMERALDS;XIRECS;10008.0;8
977900;;;TOMATOES;XIRECS;4952.0;5
979000;;;TOMATOES;XIRECS;4965.0;5
979200;;;EMERALDS;XIRECS;10008.0;6
982500;;;TOMATOES;XIRECS;4950.0;3
982900;;;EMERALDS;XIRECS;10008.0;6
983800;;;EMERALDS;XIRECS;10008.0;3
985100;;;TOMATOES;XIRECS;4946.0;2
985600;;;EMERALDS;XIRECS;10008.0;6
993000;;;TOMATOES;XIRECS;4956.0;2
995600;;;TOMATOES;XIRECS;4958.0;3
